App,Reviews,Size,Installs,Type,Price,Content Rating,Genres,Current Ver,Android Ver
Photo Editor & Candy Camera & Grid & ScrapBook,159,19M,"10,000+",Free,0,Everyone,Art & Design,1.0.0,4.0.3 and up
Coloring book moana,967,14M,"500,000+",Free,0,Everyone,Art & Design;Pretend Play,2.0.0,4.0.3 and up
"U Launcher Lite â€“ FREE Live Cool Themes, Hide Apps",87510,8.7M,"5,000,000+",Free,0,Everyone,Art & Design,1.2.4,4.0.3 and up
Sketch - Draw & Paint,215644,25M,"50,000,000+",Free,0,Teen,Art & Design,Varies with device,4.2 and up
Pixel Draw - Number Art Coloring Book,967,2.8M,"100,000+",Free,0,Everyone,Art & Design;Creativity,1.1,4.4 and up
Paper flowers instructions,167,5.6M,"50,000+",Free,0,Everyone,Art & Design,1,2.3 and up
Smoke Effect Photo Maker - Smoke Editor,178,19M,"50,000+",Free,0,Everyone,Art & Design,1.1,4.0.3 and up
Infinite Painter,36815,29M,"1,000,000+",Free,0,Everyone,Art & Design,6.1.61.1,4.2 and up
Garden Coloring Book,13791,33M,"1,000,000+",Free,0,Everyone,Art & Design,2.9.2,3.0 and up
Kids Paint Free - Drawing Fun,121,3.1M,"10,000+",Free,0,Everyone,Art & Design;Creativity,2.8,4.0.3 and up
Text on Photo - Fonteee,13880,28M,"1,000,000+",Free,0,Everyone,Art & Design,1.0.4,4.1 and up
Name Art Photo Editor - Focus n Filters,8788,12M,"1,000,000+",Free,0,Everyone,Art & Design,1.0.15,4.0 and up
Tattoo Name On My Photo Editor,44829,20M,"10,000,000+",Free,0,Teen,Art & Design,3.8,4.1 and up
Mandala Coloring Book,4326,21M,"100,000+",Free,0,Everyone,Art & Design,1.0.4,4.4 and up
3D Color Pixel by Number - Sandbox Art Coloring,1518,37M,"100,000+",Free,0,Everyone,Art & Design,1.2.3,2.3 and up
Learn To Draw Kawaii Characters,55,2.7M,"5,000+",Free,0,Everyone,Art & Design,NaN,4.2 and up
Photo Designer - Write your name with shapes,3632,5.5M,"500,000+",Free,0,Everyone,Art & Design,3.1,4.1 and up
350 Diy Room Decor Ideas,27,17M,"10,000+",Free,0,Everyone,Art & Design,1,2.3 and up
FlipaClip - Cartoon animation,194216,39M,"5,000,000+",Free,0,Everyone,Art & Design,2.2.5,4.0.3 and up
ibis Paint X,224399,31M,"10,000,000+",Free,0,Everyone,Art & Design,5.5.4,4.1 and up
Logo Maker - Small Business,450,14M,"100,000+",Free,0,Everyone,Art & Design,4,4.1 and up
Boys Photo Editor - Six Pack & Men's Suit,654,12M,"100,000+",Free,0,Everyone,Art & Design,1.1,4.0.3 and up
Superheroes Wallpapers | 4K Backgrounds,7699,4.2M,"500,000+",Free,0,Everyone 10+,Art & Design,2.2.6.2,4.0.3 and up
Mcqueen Coloring pages,61,7.0M,"100,000+",Free,0,Everyone,Art & Design;Action & Adventure,1.0.0,4.1 and up
HD Mickey Minnie Wallpapers,118,23M,"50,000+",Free,0,Everyone,Art & Design,1.1.3,4.1 and up
Harley Quinn wallpapers HD,192,6.0M,"10,000+",Free,0,Everyone,Art & Design,1.5,3.0 and up
Colorfit - Drawing & Coloring,20260,25M,"500,000+",Free,0,Everyone,Art & Design;Creativity,1.0.8,4.0.3 and up
Animated Photo Editor,203,6.1M,"100,000+",Free,0,Everyone,Art & Design,1.03,4.0.3 and up
Pencil Sketch Drawing,136,4.6M,"10,000+",Free,0,Everyone,Art & Design,6,2.3 and up
Easy Realistic Drawing Tutorial,223,4.2M,"100,000+",Free,0,Everyone,Art & Design,1,2.3 and up
Pink Silver Bow Keyboard Theme,1120,9.2M,"100,000+",Free,0,Everyone,Art & Design,6.7.12.2018,4.0.3 and up
Art Drawing Ideas,227,5.2M,"50,000+",Free,0,Everyone,Art & Design,1.2,2.3 and up
Anime Manga Coloring Book,5035,11M,"100,000+",Free,0,Everyone,Art & Design,2.2,4.0 and up
Easy Origami Ideas,1015,11M,"100,000+",Free,0,Everyone,Art & Design,1.1.0,4.1 and up
I Creative Idea,353,4.2M,"10,000+",Free,0,Teen,Art & Design,1.6,4.1 and up
How to draw Ladybug and Cat Noir,564,9.2M,"100,000+",Free,0,Everyone,Art & Design,2.1,4.1 and up
UNICORN - Color By Number & Pixel Art Coloring,8145,24M,"500,000+",Free,0,Everyone,Art & Design;Creativity,1.0.9,4.4 and up
Floor Plan Creator,36639,Varies with device,"5,000,000+",Free,0,Everyone,Art & Design,Varies with device,2.3.3 and up
PIP Camera - PIP Collage Maker,158,11M,"10,000+",Free,0,Everyone,Art & Design,1.3,4.0.3 and up
How To Color Disney Princess - Coloring Pages,591,9.4M,"500,000+",Free,0,Everyone,Art & Design,1,4.0 and up
Drawing Clothes Fashion Ideas,117,15M,"10,000+",Free,0,Everyone,Art & Design,2.0.1,4.0.3 and up
Little Teddy Bear Colouring Book Game,85,8.0M,"100,000+",Free,0,Everyone,Art & Design,2.0.0,4.1 and up
How To Draw Food,845,7.9M,"100,000+",Free,0,Everyone,Art & Design,1,2.3 and up
Monster Truck Stunt 3D 2019,367,25M,"100,000+",Free,0,Everyone,Auto & Vehicles,1,4.0.3 and up
Real Tractor Farming,1598,56M,"1,000,000+",Free,0,Everyone,Auto & Vehicles,11,4.1 and up
Ultimate F1 Racing Championship,284,57M,"100,000+",Free,0,Everyone,Auto & Vehicles,3,4.1 and up
